{
    "whatsapp:+5512997270252@c.us": {
        "state": "SESSION_ENDED",
        "last_interaction": 1736802010.0429413,
        "agent_mode": true,
        "pause_start_time": 1736802656.3209171
    }
}